{
  "IcoMoonType": "selection",
  "icons": [
    {
      "icon": {
        "paths": [
          "M609.346 576.21l-550.724-550.723c-6.454-6.992-15.059-10.218-24.202-10.218-4.303 0-9.143 1.076-12.908 2.689-12.908 5.378-21.513 17.748-21.513 31.731v808.875c0 13.981 8.605 26.353 21.513 31.732 3.765 1.614 8.605 2.686 12.908 2.686 9.143 0 17.748-3.765 24.202-10.216l167.798-167.797 102.723 243.092c7.529 17.209 27.428 25.811 45.176 18.281l95.193-40.334c17.21-7.529 25.816-27.431 18.286-45.176l-108.101-256h205.446c13.983 0 26.354-8.608 31.733-21.51 5.379-12.372 2.686-27.431-7.529-37.112z"
        ],
        "attrs": [],
        "width": 663,
        "isMulticolor": false,
        "isMulticolor2": false,
        "grid": 0,
        "tags": [
          "icon_1"
        ],
        "colorPermutations": {}
      },
      "attrs": [],
      "properties": {
        "order": 6,
        "id": 3,
        "name": "icon_1",
        "prevSize": 32
      },
      "setIdx": 0,
      "setId": 3,
      "iconIdx": 0
    },
    {
      "icon": {
        "paths": [
          "M693.551 410.378l85.552 39.837 127.349-37.877v-88.817c0-150.857-127.349-271.673-279.513-271.673-151.51 0-279.51 120.163-279.51 269.714v404.898c0 37.225-30.041 66.614-66.612 66.614s-66.613-29.389-66.613-66.614v-171.102h-214.204c0 171.756 0 173.714 0 173.714 0 154.772 125.388 280.161 280.163 280.161 153.469 0 280.163-123.429 280.163-276.246v-399.67c0-36.571 30.041-66.613 66.613-66.613s66.612 30.041 66.612 66.613v77.061zM1039.675 555.357v179.59c0 36.571-30.040 65.96-66.611 65.96s-66.611-29.389-66.611-65.96v-176.324l-127.349 37.877-85.552-39.837v175.021c0 153.468 126.044 277.548 280.163 277.548 154.778 0 280.166-125.389 280.166-280.161 0 0 0-1.959 0-173.714h-214.206z"
        ],
        "attrs": [],
        "width": 1317,
        "isMulticolor": false,
        "isMulticolor2": false,
        "grid": 0,
        "tags": [
          "icon_2"
        ],
        "colorPermutations": {}
      },
      "attrs": [],
      "properties": {
        "order": 7,
        "id": 2,
        "name": "icon_2",
        "prevSize": 32
      },
      "setIdx": 0,
      "setId": 3,
      "iconIdx": 1
    },
    {
      "icon": {
        "paths": [
          "M546.133 963.284c9.753 0 19.505-3.652 26.819-10.97l379.736-365.713c5.482-5.485 139.578-128 139.578-274.285 0-178.591-109.104-285.257-291.355-285.257-106.667 0-206.625 84.115-254.778 131.657-48.153-47.543-148.114-131.657-254.781-131.657-182.248 0-291.353 106.666-291.353 285.257 0 146.285 134.096 268.8 138.971 273.067l380.343 366.932c7.315 7.318 17.067 10.97 26.819 10.97z"
        ],
        "attrs": [],
        "width": 1092,
        "isMulticolor": false,
        "isMulticolor2": false,
        "grid": 0,
        "tags": [
          "icon_3"
        ],
        "colorPermutations": {}
      },
      "attrs": [],
      "properties": {
        "order": 8,
        "id": 1,
        "name": "icon_3",
        "prevSize": 32
      },
      "setIdx": 0,
      "setId": 3,
      "iconIdx": 2
    },
    {
      "icon": {
        "paths": [
          "M757.242 84.109h51.634c9.68 0 17.209-7.529 17.209-17.21v-34.42c0-9.681-7.529-17.21-17.209-17.21h-791.666c-9.681 0-17.21 7.529-17.21 17.21v34.42c0 9.68 7.529 17.21 17.21 17.21h51.63c0 198.992 95.193 343.126 200.605 413.042-105.412 69.916-200.605 214.053-200.605 413.040h-51.63c-9.681 0-17.21 7.529-17.21 17.209v34.424c0 9.68 7.529 17.209 17.21 17.209h791.666c9.68 0 17.209-7.529 17.209-17.209v-34.424c0-9.68-7.529-17.209-17.209-17.209h-51.634c0-198.987-95.19-343.124-200.603-413.040 105.414-69.916 200.603-214.050 200.603-413.042zM688.405 84.109c0 78.522-17.751 147.899-45.719 206.522h-459.292c-27.966-58.622-45.714-128-45.714-206.522h550.725zM657.745 738.093h-489.409c39.799-103.797 111.328-177.48 182.857-206.522h123.697c71.529 29.042 143.057 102.724 182.854 206.522z"
        ],
        "attrs": [],
        "width": 843,
        "isMulticolor": false,
        "isMulticolor2": false,
        "grid": 0,
        "tags": [
          "icon_4"
        ],
        "colorPermutations": {}
      },
      "attrs": [],
      "properties": {
        "order": 9,
        "id": 0,
        "name": "icon_4",
        "prevSize": 32
      },
      "setIdx": 0,
      "setId": 3,
      "iconIdx": 3
    }
  ],
  "height": 1024,
  "preferences": {
    "showGlyphs": true,
    "showQuickUse": true,
    "showQuickUse2": true,
    "showSVGs": true,
    "fontPref": {
      "prefix": "icon-",
      "metadata": {
        "fontFamily": "icomoon"
      },
      "metrics": {
        "emSize": 1024,
        "baseline": 6.25,
        "whitespace": 50
      },
      "embed": false
    },
    "imagePref": {
      "prefix": "icon-",
      "png": false,
      "useClassSelector": false,
      "color": 0,
      "bgColor": 16777215,
      "classSelector": ".icon",
      "name": "icomoon",
      "height": 32,
      "autoHost": true,
      "columns": 16,
      "margin": 16,
      "sprite": true,
      "minifyJs": false,
      "addTitleTags": false,
      "postfix": "",
      "numPrefix": false,
      "overrideSize": "",
      "addBgColor": false,
      "xaml": false
    },
    "historySize": 50,
    "showCodes": true,
    "gridSize": 16,
    "quickUsageToken": {
      "UntitledProject": "NTM0MmJhYjg3OSMxNzQ0OTQ4ODg5I0M2QmQ2RjRXNkszeVY0V0hiSFdhdEE2SlZJVDNJeld1RlpiTlBZb0w0RWtI"
    },
    "showGrid": false
  }
}